id,name,SSN,date,loan_amt,amt_due,amt_paid,statecode,age,married,educ,W2inc_m1,W2inc_m2,taxdependent,creditscore,asset,debt,unemprate,avg_homeprice
1,Sonia Mcguire,127-912-656,04-01-2016,44900,59380,59380,05,29,1,2,62640.238,69754.867,0,625,29300,48100,6.1999998,189881
2,Donald Rice,264-773-211,05-03-2016,42500,56206,27177,01,35,0,2,42022.379,15300.653,0,609,32700,0,6.21,208060
3,Ida Cobb,483-895-109,04-04-2016,43400,57396,57396,05,37,0,3,70157.508,68463.5,0,686,43400,45300,6.3800001,215624
4,Eugene Ray,953-448-267,07-03-2016,43200,57131,57131,04,25,0,2,53499.676,54777.664,0,679,48600,17200,7,202893
5,Vernon Clark,451-579-797,08-06-2016,43600,57660,57660,04,33,0,2,23743.889,9819.7744,0,560,44600,0,6.2600002,183658
6,Cesar Johnson,544-054-258,07-04-2016,42000,55544,55544,02,42,1,2,34821.051,35569.945,2,618,43800,0,6.6399999,175096
7,Joy Webb,439-869-360,03-02-2016,43900,58057,36276,05,24,1,2,58156.18,51248.309,3,631,46800,92400,7.3899999,192471
8,Victor Hamilton,099-816-268,05-03-2016,42100,55677,55677,01,38,1,1,26680.5,42651.332,3,601,49400,0,5.8899999,187991
9,Kristine Barker,822-331-527,03-06-2016,41900,55412,20873,05,39,0,2,35805.719,39298.879,0,591,53300,0,7.0999999,244479
10,Seth Schwartz,833-495-869,02-06-2016,43200,57131,28949,05,39,0,2,51207.473,77363.078,0,665,46700,245600,7.29,218569
11,Clifford May,518-775-387,07-05-2016,42100,55677,29611,01,32,0,2,35442.055,27933.889,0,667,28400,0,6.3899999,176661
12,Bobbie Patton,855-647-213,04-02-2016,44600,58983,39278,01,34,0,2,55563.219,25550.105,0,688,44300,157100,6.52,217883
13,Charlene Edwards,176-863-762,04-05-2016,44100,58322,58322,04,32,0,2,57689.285,53918.473,0,645,45200,0,6.2600002,205787
14,Genevieve Greer,259-637-781,05-04-2016,44100,58322,58322,01,34,0,2,50896.551,48973.574,0,608,48200,0,6.5300002,207188
15,Kenny Gonzales,597-242-014,04-01-2016,46600,61628,12667,05,37,1,1,5561.73,15760.729,1,486,38900,0,6.4000001,194393
16,Lydia Frank,515-061-036,07-02-2016,44000,58189,35390,02,37,1,3,63981.48,50218.934,2,690,54500,81400,6.6100001,184833
17,Kathleen Manning,054-417-678,04-04-2016,44100,58322,58322,04,38,0,2,55163.676,61471.316,0,669,49600,0,6.5500002,150532
18,Cornelius Spencer,435-858-771,03-06-2016,44600,58983,18427,01,36,0,2,20026.117,38547.703,0,538,47400,0,7.27,188691
19,Lucy Dixon,627-372-666,05-04-2016,50500,66786,66786,04,35,1,2,73788.289,64240.723,2,708,35400,0,6.0900002,199339
20,Peter Leonard,139-576-604,08-05-2016,43300,57264,35834,04,41,0,2,57700.613,76652.008,0,728,29700,81700,6.2199998,163510
21,Beatrice Hodges,190-164-952,05-02-2016,43900,58057,36278,02,41,0,2,53392.574,41837.32,0,693,51100,11000,6.1799998,184968
22,Don Wagner,853-963-293,07-06-2016,48400,64008,43293,05,36,1,2,79323.414,58602.191,0,713,44200,32800,6.77,199204
23,Fred Peters,710-102-407,09-01-2016,42600,56338,26539,05,36,1,2,47186.051,27921.654,0,607,43500,64100,5.9299998,198836
24,Maxine Warner,171-515-649,01-04-2016,43300,57264,57264,03,37,0,2,50203.719,21854.943,0,656,57900,77800,7.3899999,203677
25,Jessica Wong,500-907-068,09-04-2016,42900,56735,17309,04,35,0,2,15905.522,30285.031,0,538,37000,88800,5.52,156901
26,George Valdez,860-686-035,03-01-2016,50500,66786,19321,03,41,0,2,24.624636,16207.614,0,505,12000,0,7.1500001,163599
27,Bradley Farmer,424-027-992,08-07-2016,42900,56735,20123,03,31,0,3,26017.361,19756.781,0,543,42300,0,6.27,171482
28,Eddie Morrison,368-539-384,03-03-2016,42400,56073,56073,04,37,1,2,30401.535,38242.746,0,569,39800,69500,7.0300002,170440
29,Edwin Sanders,405-607-267,05-04-2016,42600,56338,14737,01,40,0,2,6251.8296,20830.988,0,527,51700,61300,6.3899999,186200
30,Sara Walters,442-697-729,01-05-2016,42100,55677,55677,01,36,0,2,32583.496,35142.289,0,589,32400,108100,7.7800002,213880
31,Toby Myers,666-410-084,07-03-2016,42000,55544,25190,02,39,1,3,28278.549,43361.762,3,611,51600,261700,6.6100001,192718
32,Rufus Morton,870-560-476,09-04-2016,41400,54751,25676,04,33,1,2,23623.986,24093.748,1,569,34200,26200,5.8000002,181749
33,Barry Simpson,813-190-492,02-03-2016,42700,56470,56470,04,34,0,2,46952.359,46593.098,0,609,53800,2000,7.3000002,191712
34,Freddie Ballard,627-400-344,06-01-2016,42900,56735,56735,04,34,0,2,49560.023,54431.324,0,598,45100,0,6.6900001,181231
35,Wendell Hogan,526-999-147,07-01-2016,47400,62686,62686,01,36,0,3,86981.227,76995.695,0,791,53800,0,6.48,181338
36,Evan Rivera,094-109-564,06-07-2016,43200,57131,17513,05,34,0,2,27920.824,25814.342,0,540,43800,39200,6.6300001,185614
37,Shane Aguilar,080-276-868,10-03-2016,45900,60702,60702,03,39,1,2,19370.428,25801.461,3,539,35700,0,5.54,195928
38,Joel Gordon,664-010-842,06-07-2016,58300,77101,12617,04,30,1,2,0,0,0,457,53500,3800,6.3499999,197620
39,Emilio Glover,575-083-546,07-02-2016,41800,55280,15207,05,45,1,2,19767.67,33051.164,2,568,52000,0,6.79,202255
40,Chris Joseph,592-770-623,03-02-2016,45800,60570,60570,01,34,0,2,63502.41,51880.098,0,597,48600,0,7.02,212904
41,Dora Dawson,014-716-465,06-07-2016,42500,56206,56206,05,33,0,2,30234.246,28902.563,0,576,43300,25800,6.4000001,172903
42,Andres French,130-146-888,05-03-2016,47400,62686,36730,04,28,0,2,76353.75,63410.121,0,613,47700,0,6.4499998,183800
43,Eileen Bell,459-999-092,08-06-2016,48300,63876,63876,01,32,1,2,72281.359,76417.477,2,719,54600,41800,6.23,184730
44,Patsy Norman,141-733-678,07-07-2016,46000,60834,22593,01,28,1,2,10318.068,7170.0967,3,532,59300,82000,6.5700002,185974
45,Rosemary Freeman,752-226-036,07-06-2016,43000,56867,56867,05,35,0,2,50913.195,62842.945,0,664,34700,0,6.6700001,209940
46,Johnny Gross,327-089-522,04-07-2016,42500,56206,32506,04,25,0,2,45325.313,46121.152,0,605,60800,69500,6.3099999,204149
47,Roderick Pratt,354-146-592,08-01-2016,42200,55809,55809,04,30,0,3,41088.73,67078.367,0,604,45000,0,6.23,218301
48,Ruth Flores,545-758-864,09-04-2016,45700,60438,42180,02,36,1,2,64595.242,63620.27,2,716,33700,26400,6.1599998,198085
49,Elaine Lamb,306-506-543,07-06-2016,43600,57660,57660,01,37,0,2,55340.012,43400.129,0,691,44100,173700,6.52,214062
50,Aubrey Higgins,816-962-732,05-02-2016,53400,70621,70621,04,39,0,2,88987.586,86179.883,0,778,39100,95100,6.4899998,195328
51,Dallas Jimenez,852-211-097,05-01-2016,42300,55941,55941,01,45,1,2,39506.754,33649.18,0,645,46200,54700,6.2399998,193837
52,Wade Mathis,098-218-884,08-06-2016,43100,56999,18897,02,36,1,1,16177.997,27859.387,0,528,52600,151000,6.4200001,193185
53,Kendra Ruiz,582-317-498,02-02-2016,42000,55544,24249,05,38,0,2,38602.051,16407.662,0,604,48200,0,7.1599998,224660
54,Jeff Walsh,849-154-234,05-03-2016,43100,56999,56999,04,37,1,2,16496.402,0,2,587,37000,32000,6.1799998,192814
55,Philip Castillo,975-856-987,07-04-2016,42700,56470,26584,05,35,0,2,48278.453,37268.895,0,632,35800,0,6.4400001,204355
56,Cecil Taylor,878-701-650,06-03-2016,44600,58983,58983,02,31,1,2,55762.262,43847.336,0,633,37000,89500,6.9299998,194060
57,Constance Ryan,225-493-362,05-07-2016,42100,55677,26396,04,36,0,2,35592.141,43914.395,0,609,39300,82000,6.4200001,180294
58,Ray Potter,484-668-954,05-06-2016,44600,58983,21263,03,32,0,2,24859.016,18475.74,0,548,41500,0,6.4200001,205773
59,Edward Fox,483-697-435,02-07-2016,43200,57131,57131,01,35,1,2,49566.176,19003.162,1,656,44500,0,7.2399998,173896
60,Theresa Miller,922-192-941,06-07-2016,43000,56867,56867,02,24,0,1,47989.625,19089.844,0,645,46600,138300,6.2800002,185086
61,Hugh Lawson,081-164-732,03-07-2016,43000,56867,24645,04,35,0,2,50267.789,61444.828,0,636,53200,54900,7.0900002,192714
62,Kari Goodwin,395-323-665,08-03-2016,42700,56470,22847,02,32,1,3,19786.986,43711.164,1,575,40800,0,6.02,190073
63,Tara Hughes,105-545-177,06-03-2016,42400,56073,35737,04,31,1,2,44228.465,50112.438,0,633,47600,227500,7.02,167114
64,Nettie Mccoy,971-747-484,04-04-2016,46400,61363,39339,01,32,1,2,75761.164,71879.813,1,724,53500,53300,6.1900001,192181
65,Leo Rose,234-936-079,07-06-2016,41900,55412,55412,05,43,0,2,24143.547,0,0,604,60400,105400,6.3000002,194178
66,Morris Phillips,813-033-876,07-02-2016,43400,57396,57396,04,47,1,2,62510.984,52571.117,2,761,36400,0,6.6199999,181645
67,Cedric Ortiz,949-960-401,06-01-2016,42100,55677,30223,03,35,1,2,37334.238,32676.904,1,628,54600,0,6.52,177945
68,Ricky Duncan,737-595-043,07-04-2016,40500,53561,35678,03,32,0,2,78400.281,86901.977,0,682,52200,81400,6.4299998,193807
69,Shawn Bates,937-212-931,06-03-2016,44600,58983,58983,01,28,0,2,62955.625,58695.391,0,617,58200,0,6.6700001,203692
70,Candice Warren,361-793-678,06-07-2016,42500,56206,31022,05,32,1,2,46431.336,54042.598,1,617,53200,0,6.27,176473
71,Dean Chandler,850-016-921,06-07-2016,41700,55148,55148,01,28,0,2,26829.002,0,0,443,43500,0,6.77,197390
72,Ruby Alvarado,094-955-648,08-02-2016,42800,56602,56602,05,41,1,2,49578.191,35965.672,2,705,56900,0,6.1999998,203179
73,Terrell Hopkins,064-137-911,07-05-2016,45300,59909,33727,01,36,1,3,57264.715,60597.379,0,691,48000,42900,6.6300001,201760
74,Alberto Washington,981-561-364,07-05-2016,44100,58322,20205,03,24,1,1,18165.615,0,0,482,33800,0,6.54,205064
75,Tabitha Parsons,695-555-029,08-02-2016,53600,70885,70885,01,33,1,3,81526.82,63705.828,1,738,54300,0,6.1900001,192827
76,Colleen Francis,685-306-013,06-03-2016,42800,56602,56602,01,35,1,2,45070.16,52863.715,0,601,54000,0,6.4400001,221523
77,Shelley Holland,453-838-134,07-06-2016,42600,56338,26763,04,36,1,1,45485.914,59199.242,0,600,41400,0,6.5700002,201834
78,Lucas Townsend,195-288-151,08-01-2016,44200,58454,58454,02,40,1,3,62377.895,40496.719,2,712,38500,0,6.4899998,196388
79,Betty King,604-266-202,03-02-2016,42500,56206,56206,05,26,1,2,46118.715,54829.02,1,525,45900,16700,7.1799998,187666
80,Shelia Becker,389-934-254,06-06-2016,45600,60305,60305,01,38,1,2,63604.883,73017.039,2,742,40600,0,6.8299999,218775
81,Jacob Cross,021-880-779,07-07-2016,44100,58322,58322,04,32,1,3,18240.494,65455.734,3,528,46900,92100,6.4899998,183114
82,Bobby Gibson,727-059-938,05-06-2016,52000,68769,68769,03,32,1,3,77615.32,85387.344,1,710,34600,11400,6.3400002,161794
83,Rhonda Schneider,320-380-458,03-06-2016,42200,55809,55809,02,39,1,2,30466.734,31454.805,2,588,40200,0,7.0300002,150275
84,Marco Mckinney,432-111-526,05-05-2016,45700,60438,60438,05,35,0,2,66046.117,64162.262,0,729,43800,41900,6.3200002,166667
85,Forrest Vargas,606-977-386,02-06-2016,47400,62686,62686,02,29,1,2,10067.146,25282.949,3,518,37100,102000,7.4899998,213551
86,Frederick George,770-502-592,05-05-2016,42400,56073,31341,05,36,1,2,44093.211,48815.906,1,627,43200,0,6.1900001,205427
87,Terry Brown,386-444-648,05-01-2016,42500,56206,25231,03,35,1,2,44359.613,49790.469,2,626,44300,0,6.1300001,168032
88,Terri Houston,521-309-564,05-02-2016,49600,65595,51429,05,36,0,2,94825.047,96919.945,0,755,41700,26400,6.3299999,182577
89,Tamara Green,404-297-068,05-05-2016,42900,56735,56735,04,41,1,2,49398.289,54389.746,3,659,34600,0,6.0999999,191437
90,Raul Fernandez,412-194-371,05-02-2016,42400,56073,23225,02,36,0,2,26451.23,36870.129,0,532,51100,8200,6.0999999,180850
91,Tricia Schultz,465-330-438,05-01-2016,42200,55809,28740,02,35,0,2,36567.848,30386.822,0,596,29800,0,6.29,166826
92,Gina Steele,173-671-479,07-03-2016,43200,57131,37265,01,37,1,3,49311.129,23720.445,1,659,67400,0,6.7199998,166123
93,Natalie Buchanan,419-083-273,06-05-2016,43300,57264,57264,01,32,1,2,49843.785,45216.629,1,645,38800,64800,6.0599999,179751
94,Ellen Cooper,010-469-258,08-01-2016,43200,57131,36772,01,39,0,3,50411.496,25399.178,0,693,37100,0,6.2399998,180424
95,Catherine Santiago,635-672-462,05-06-2016,47800,63215,63215,05,37,1,2,84076.867,88948.094,0,769,50000,0,6.0900002,185876
96,Gilbert Jennings,426-254-886,07-04-2016,42300,55941,55941,03,34,1,2,40754.816,49107.496,2,618,54100,75100,6.5799999,174640
97,Michele Stokes,344-301-409,08-06-2016,41500,54883,54883,02,38,0,2,98962.422,84746.719,0,855,53400,43500,5.8899999,171423
98,Elsa Singleton,216-169-810,08-05-2016,46900,62025,62025,03,41,1,2,67782.188,72034.711,2,741,59200,0,6.4099998,191533
99,Myrtle Garner,401-197-055,05-01-2016,42100,55677,21061,02,38,1,1,34659.418,40008.77,3,594,45000,98600,6.1300001,192191
100,Alvin Drake,661-170-611,05-07-2016,53500,70753,57726,04,35,0,2,79215.867,74294.492,0,774,57000,83500,6,200465
101,Penny Morton,419-060-778,03-01-2016,52500,69431,69431,05,30,0,2,86738.578,65838.922,0,732,62600,75000,7.52,186932
102,Blake Mitchell,043-484-444,01-04-2016,42100,55677,23260,04,40,1,2,26337.701,12389.59,3,608,53100,10800,7.8299999,179810
103,Virginia Luna,092-270-362,03-05-2016,47700,63083,63083,03,38,1,2,68024.719,57905.836,0,689,43000,0,6.9099998,173426
104,Pedro Bradley,836-156-762,06-05-2016,42800,56602,56602,02,38,1,2,22151.246,40061.391,3,609,65600,52600,6.79,198172
105,Allison Grant,289-645-897,04-05-2016,45100,59644,59644,04,37,0,2,63828.684,57664.961,0,702,35200,16200,6.3899999,189324
106,Rex Chambers,701-439-300,08-06-2016,43600,57660,57660,01,37,0,2,55051.754,83258.914,0,668,48100,41000,6.1500001,178508
107,Brian Gibbs,602-942-795,10-01-2016,42600,56338,32472,02,29,0,2,43924.164,26822.383,0,635,47100,0,5.4899998,206700
108,Josefina Rowe,102-551-505,08-04-2016,42000,55544,26259,05,32,1,2,30887.793,40791.043,1,583,43200,0,6.5900002,182664
109,Hugh Vargas,230-918-886,05-07-2016,42000,55544,55544,03,32,0,2,34381.645,40464.148,0,631,41400,84700,6.1399999,181547
110,Frank Brewer,105-452-408,04-03-2016,42600,56338,56338,01,36,0,2,20592.203,30339.402,0,587,37400,48500,5.96,184315
111,Myra Mclaughlin,344-205-281,07-07-2016,42600,56338,23873,01,39,1,1,42645.98,18067.168,1,652,49000,84800,6.4000001,199555
112,Kerry Anderson,854-050-599,02-06-2016,42200,55809,27017,02,35,0,2,36027.004,24988.896,0,622,60300,43100,7.3800001,186995
113,Hilda Reynolds,153-332-470,06-05-2016,42100,55677,20490,02,38,1,2,30672.834,8504.415,1,557,42700,31600,6.5,184755
114,Jean Vasquez,137-499-548,07-01-2016,42100,55677,26908,01,30,1,3,36248,61014.887,1,585,30600,87500,6.4699998,186520
115,Flora Massey,721-328-941,05-01-2016,50800,67182,14250,02,24,0,2,0,7423.9277,0,424,37200,69800,6.0799999,184123
116,Nellie Davidson,785-426-373,05-04-2016,41600,55015,17286,02,42,0,2,16443.771,9027.2979,0,564,40200,0,6.1399999,215960
117,Luis Evans,815-756-671,06-02-2016,42300,55941,19430,05,33,1,2,43795.719,17102.459,1,567,42800,0,6.8600001,183500
118,Phyllis Fleming,530-175-556,04-04-2016,47500,62818,62818,05,34,1,2,91535.531,78297.93,3,776,40000,0,6.5300002,182846
119,Kevin White,236-257-775,03-05-2016,43900,58057,58057,01,28,0,1,55576.188,37949.609,0,645,50500,100600,7.1100001,178725
120,Rudy Young,209-399-731,02-01-2016,44200,58454,24760,03,41,1,2,23430.232,27545.111,1,601,40300,8800,7.3499999,178151
121,Rose Cross,165-877-274,07-02-2016,59000,78027,17160,01,37,0,2,0,0,0,493,42000,49700,6.5700002,200065
122,Eva Harrison,492-158-564,07-07-2016,44100,58322,58322,01,35,1,2,52582.801,41977.57,2,653,37200,0,6.6900001,190017
123,Eric Scott,051-937-871,04-01-2016,43700,57793,36251,05,40,1,2,62062.652,46827.352,2,722,41400,177100,6.2199998,200931
124,Rhonda Allison,544-106-091,06-07-2016,42700,56470,56470,04,39,1,2,30682.506,58715.258,0,625,42400,67800,6.7600002,210768
125,Bruce Miller,296-951-448,08-05-2016,42100,55677,22855,03,26,1,1,37553.516,39729.391,3,556,55700,64500,6.71,175993
126,Caleb Hines,730-515-552,04-02-2016,42900,56735,56735,03,47,1,2,50705.879,20266.494,1,702,34200,0,6.6900001,187519
127,Melvin Castillo,324-185-525,03-07-2016,42300,55941,27967,04,32,1,2,41974.973,39792.707,1,600,55800,4600,7.2199998,179456
128,Levi Burton,318-102-971,06-07-2016,42400,56073,22467,02,33,0,3,24279.57,35173.5,0,540,47100,27500,6.6100001,209669
129,Sandra Beck,106-235-201,07-03-2016,41900,55412,24402,01,39,1,2,26235.326,20651.771,3,592,44800,119100,6.8899999,159386
130,Kristine Patrick,674-187-243,07-07-2016,42000,55544,24213,04,39,1,2,38510.875,64559.781,1,625,44900,158600,6.4899998,211461
131,Randy Vaughn,355-189-302,03-05-2016,42300,55941,55941,04,43,1,2,68840.852,75420.922,3,741,55500,125000,7.4299998,200457
132,Salvador Pope,106-236-148,07-02-2016,50800,67182,17926,04,36,1,3,8522.1465,2387.2795,3,502,52300,0,6.5,201682
133,Guillermo Morris,036-107-768,08-02-2016,42100,55677,55677,04,37,1,2,39128.57,36816.84,2,619,57700,72100,6.4000001,185610
134,Angel Stanley,010-157-108,06-03-2016,51300,67844,16611,04,35,1,2,1291.4314,4502.5635,3,481,50200,0,6.8299999,186890
135,Barbara Holland,282-324-893,06-04-2016,41500,54883,30298,02,28,1,2,21803.471,40382.148,3,578,58100,10800,6.6599998,190424
136,Drew Lindsey,978-878-854,06-01-2016,43400,57396,35776,03,35,1,2,51245.754,53754.734,1,654,39900,138500,6.6700001,181526
137,Glenda Todd,837-936-641,07-05-2016,42000,55544,55544,05,35,1,1,38787.828,41918.902,0,631,49500,58700,6.5999999,205636
138,Timothy Medina,899-399-527,04-06-2016,45400,60041,60041,02,32,1,2,64573.949,94337.859,3,707,54000,0,6.4400001,212567
139,Hannah Ward,106-954-047,06-04-2016,47000,62157,62157,03,30,0,2,83637.133,62290.594,0,680,39400,0,6.8299999,196251
140,Diane Mason,388-172-374,07-01-2016,41700,55148,27281,04,40,1,3,34399.934,0,3,631,36800,0,6.5300002,184147
141,Eula Love,985-982-984,05-01-2016,43400,57396,23570,01,34,0,2,50506.352,51704.402,0,599,59900,101700,6.3800001,204537
142,Tara Reese,960-137-278,07-06-2016,43300,57264,57264,03,32,0,2,50988.563,35879.695,0,641,42000,38900,6.25,181528
143,Loren Gibson,365-657-984,01-02-2016,41400,54751,17570,02,33,1,2,19125.686,12663.707,0,531,29200,95500,7.3800001,190673
144,Paula Dixon,539-359-402,07-05-2016,76300,100906,28284,01,31,1,2,0,17683.084,2,459,64500,0,6.46,222532
145,Jay Bell,744-582-120,09-04-2016,44000,58189,22759,04,40,0,3,19646.152,8562.0371,0,578,30500,97100,6.2199998,192158
146,Philip Higgins,541-612-228,05-04-2016,43100,56999,25195,04,44,1,2,21530.152,19899.166,1,598,41500,7700,6.54,181818
147,Christie Tate,359-321-726,10-01-2016,45000,59512,22678,05,36,1,2,18574.381,28866.662,2,586,28300,0,5.9000001,184693
148,Frankie Hogan,728-852-627,04-07-2016,43100,56999,56999,01,36,1,2,25939.629,34268.246,2,581,38100,50300,6.1900001,201626
149,Vanessa Henderson,360-500-654,04-05-2016,48600,64273,46663,05,41,1,2,82687.984,87567.414,2,811,42700,20700,6.2199998,203691
150,Jenna Hall,996-042-337,05-07-2016,43000,56867,56867,03,41,0,2,29080.426,38029.957,0,625,28100,32700,6.1700001,184752
151,Tracy Green,266-055-271,04-03-2016,46800,61892,61892,02,26,1,2,77709.375,55086.871,0,609,43400,0,6.1300001,188678
152,Nichole Taylor,985-057-672,05-01-2016,42900,56735,23102,02,27,0,2,25206.334,43985.938,0,514,36400,0,6.1300001,187079
153,Delores Benson,685-751-161,04-03-2016,47200,62421,62421,04,37,1,2,75513.68,88937.219,3,727,52900,0,6.4000001,165446
154,Robin Parsons,301-116-810,03-04-2016,42800,56602,56602,04,32,1,2,47859.949,55063.137,0,621,43800,12100,7.0300002,193651
155,Noel Bailey,182-599-250,04-06-2016,42100,55677,55677,04,34,1,2,37789.77,37644.746,1,601,40900,900,6.4699998,153936
156,Camille Reed,316-067-335,04-07-2016,42200,55809,55809,04,39,1,3,39705.273,23059.668,0,614,42900,0,6.4899998,176866
157,Judith Craig,059-623-572,05-01-2016,47600,62950,41670,02,36,1,2,73613.664,86322.664,3,762,54600,168700,6.1500001,204095
158,Franklin Curtis,848-531-671,06-06-2016,42400,56073,23479,02,29,1,2,42415.98,40112.223,2,544,44700,0,6.6500001,211377
159,Janet Welch,744-881-402,06-05-2016,49100,64934,64934,01,40,1,3,102961.09,71216.57,2,872,57600,0,6.5100002,202444
160,Meredith Wilson,667-154-820,07-03-2016,42100,55677,27347,04,35,1,2,38486.863,19124.484,3,602,40700,109400,6.6900001,195063
161,Kristy Watson,384-561-718,06-07-2016,49300,65199,65199,02,27,1,3,79075.391,94358.141,2,642,38400,0,7.1300001,215490
162,Javier Ray,538-822-970,03-04-2016,44600,58983,58983,01,36,1,2,8630.3223,9320.8047,2,530,49500,0,7.1500001,194195
163,Alejandro West,483-805-955,06-07-2016,43500,57528,19932,01,30,0,2,50125.23,1940.9205,0,570,43900,0,6.8600001,167883
164,Edna Collier,835-195-771,08-06-2016,49600,65595,49993,01,37,0,2,71975.594,75433.641,0,732,41300,0,6.3099999,179453
165,Natasha Martinez,110-689-512,05-06-2016,42900,56735,30132,05,38,0,2,49541.758,61412.953,0,680,43000,42100,6.5999999,210423
166,Lynn Crawford,158-703-216,06-03-2016,42000,55544,29975,05,32,1,2,33367.902,27722.16,3,606,34100,0,6.73,172855
167,Lionel Watts,424-062-092,08-04-2016,42400,56073,56073,02,32,1,3,60935.906,48098.527,2,648,44600,81200,6.6100001,192689
168,Wallace Webster,893-826-947,07-01-2016,55400,73266,32636,05,21,0,2,0,3335.5762,0,510,68500,108700,6.6700001,192248
169,Yvette Schmidt,354-629-571,05-06-2016,41800,55280,31302,02,29,0,2,28235.461,5249.2827,0,613,21800,48800,6.02,195191
170,Darlene Riley,990-810-119,05-01-2016,44100,58322,58322,01,25,1,2,52686.195,47750.129,3,617,58400,0,6.27,207712
171,Agnes Gray,995-971-345,08-01-2016,48200,63744,63744,02,39,0,2,82195.977,41357.375,0,795,38900,15700,6.54,194809
172,Salvatore Henry,941-472-386,08-06-2016,44200,58454,58454,02,31,1,3,58760,65233.93,2,683,39300,98600,6.5300002,188878
173,Nelson Moreno,784-797-682,06-01-2016,42300,55941,55941,02,25,0,2,25980.791,9501.627,0,575,37700,30700,6.7199998,183060
174,Kari Hammond,491-683-356,04-01-2016,44700,59115,59115,05,35,0,2,72168.203,78020.953,0,713,47700,0,6.3200002,218483
175,Pam Pena,447-016-841,06-03-2016,43700,57793,13936,05,39,0,1,20078.176,7881.9741,0,550,45000,59000,6.75,208098
176,Kelvin Norman,132-725-572,05-06-2016,42000,55544,55544,03,38,1,2,29323.057,5991.3716,2,588,34300,0,6.3499999,196208
177,Amos Wells,597-264-011,03-06-2016,51200,67711,67711,03,30,0,2,79853.344,97018.133,0,683,37900,0,6.7600002,220536
178,Jeffrey Wheeler,916-479-129,09-05-2016,45400,60041,60041,02,45,0,2,61824.039,73014.141,0,725,36700,0,5.9299998,182235
179,Ricky Gill,189-035-979,06-03-2016,45200,59776,59776,05,39,1,2,59384.102,38798.863,2,717,50500,0,6.5500002,197643
180,Tracy Nguyen,895-194-574,05-06-2016,46300,61231,41821,04,29,0,2,64589.516,47979.395,0,664,55300,0,6.3000002,165886
181,Tiffany Fisher,932-417-281,06-06-2016,43500,57528,33095,05,27,0,2,60332.23,79565.633,0,599,44400,36900,6.4400001,173816
182,Eugene Mendez,302-418-501,05-05-2016,44400,58718,58718,01,34,0,2,11265.985,4045.2051,0,565,28800,0,5.8200002,194994
183,Kellie Austin,729-919-040,06-02-2016,47000,62157,40753,05,32,0,2,69402.477,67464.273,0,684,47900,0,6.46,183902
184,Belinda Houston,468-460-466,07-05-2016,49700,65728,41022,05,32,0,2,78430.609,91138.195,0,663,38000,0,6.5599999,191796
185,Jack Patterson,733-332-738,06-01-2016,56500,74721,74721,03,36,0,2,0,0,0,502,48600,0,6.5599999,205678
186,Orville Diaz,373-106-180,05-02-2016,46700,61760,61760,04,35,1,3,17091.262,16849.492,0,551,33300,0,6.1399999,183300
187,Esther Cook,171-875-535,05-02-2016,46000,60834,60834,02,34,1,2,67752.195,45370.379,0,705,52600,166600,6.1999998,215635
188,Noah Hernandez,818-965-160,08-07-2016,45500,60173,60173,01,37,0,2,59845.563,35413.266,0,688,56100,0,6.21,187968
189,Luther Barnes,445-241-980,05-05-2016,42500,56206,56206,03,33,1,2,16691.936,14387.767,2,574,39800,34400,6.1399999,187685
190,Alberto Tucker,211-094-239,01-06-2016,51700,68373,68373,05,41,1,2,91718.242,80812.57,2,809,50400,0,7.5,185662
191,Tina Pierce,041-939-280,04-06-2016,42400,56073,22433,04,37,1,2,32345.885,25140.352,3,588,44400,0,6.3299999,196087
192,Victor Perry,997-297-509,05-03-2016,42300,55941,19912,02,40,0,2,29265.004,25002.209,0,583,31500,86100,6.5599999,187269
193,Katrina Abbott,499-080-780,09-07-2016,47700,63083,63083,02,37,1,3,80114.523,60954.188,0,746,37200,0,5.9499998,174264
194,Harry Logan,612-650-905,06-03-2016,45300,59909,59909,05,35,1,2,67329.164,55129.391,2,655,43500,0,6.7600002,225888
195,Ashley Hubbard,891-072-956,06-04-2016,43100,56999,56999,05,32,1,2,54123.398,49895.051,3,637,41400,0,6.7800002,201623
196,Alicia Watkins,268-615-200,06-04-2016,43000,56867,56867,04,35,1,2,49790.074,43457.066,2,654,32300,0,6.6100001,210331
197,Shirley Frazier,234-005-257,01-05-2016,52000,68769,68769,02,34,1,2,78880.648,61492.785,3,693,35500,6000,7.6100001,172041
198,Sonia Mcguire,630-945-507,06-07-2016,44700,59115,59115,04,33,1,2,59766.133,51692.926,0,654,50100,3100,6.7800002,200410
199,Caroline Mckinney,454-853-050,05-02-2016,59600,78820,78820,04,36,0,2,0,8964.5859,0,544,69000,0,6.3499999,192285
200,Marlon Gilbert,348-878-129,08-06-2016,42800,56602,26063,01,34,0,2,46306.207,38272.621,0,631,39700,96900,6.46,192621
201,Shawn Norton,152-783-812,03-01-2016,41900,55412,23627,05,25,0,2,35563.551,14294.445,0,552,46300,0,7.1999998,190715
202,Wendell Figueroa,547-130-123,06-01-2016,44700,59115,37859,01,41,0,3,56594.176,41326.031,0,715,41400,0,6.4499998,191810
203,Patti Mclaughlin,909-296-590,02-04-2016,41900,55412,25821,01,47,1,2,34660.914,29064.127,1,674,52100,0,7.6199999,189212
204,Jeanne Quinn,240-285-645,09-04-2016,43900,58057,58057,02,36,1,2,65096.789,41782.727,3,703,44000,0,6.3600001,171402
205,April Wallace,769-349-311,07-07-2016,63600,84110,84110,03,37,1,2,96776.57,109985.09,2,777,57000,65000,6.4400001,211240
206,Silvia Fitzgerald,887-286-431,04-07-2016,42100,55677,55677,03,35,1,2,37867.316,31978.635,3,602,39000,0,6.4200001,195000
207,Rafael Dennis,468-438-265,07-03-2016,42200,55809,26624,01,33,1,3,33660.867,51225.398,2,581,42200,107300,6.73,211026
208,Garry Martin,979-591-448,06-06-2016,48600,64273,64273,03,32,0,2,79810.805,74566.727,0,690,44500,7300,6.7800002,203928
209,Kristopher Alexander,879-895-786,05-06-2016,42200,55809,55809,02,38,1,3,30236.232,47879.836,1,639,44400,35200,6.4000001,194475
210,Sheila Cook,736-788-394,04-07-2016,43900,58057,58057,05,38,0,2,56679.387,62162.918,0,723,61200,62000,6.4200001,253414
211,Rose Sandoval,665-876-242,10-07-2016,42100,55677,21323,03,31,0,2,38561.723,68265.156,0,579,37500,60900,6.0500002,179585
212,Jessie Greene,873-903-483,07-05-2016,43200,57131,57131,01,36,1,3,16171.69,15739.293,3,563,61200,46100,6.7800002,184155
213,Victor Holloway,072-961-016,06-06-2016,42400,56073,30570,02,42,1,2,41086.207,43046.742,2,669,52200,124800,6.8200002,195008
214,Dawn Franklin,660-632-673,04-06-2016,45300,59909,59909,01,28,0,2,12460.208,11027.471,0,554,36600,0,6.0700002,177914
215,Ross Jordan,749-916-144,07-01-2016,42200,55809,55809,04,36,1,1,40788.781,43444.055,1,649,58500,0,6.8299999,180554
216,Norman Thornton,062-910-112,08-06-2016,46000,60834,60834,05,29,0,2,67375.414,38846.398,0,670,43600,253100,6.21,181397
217,Jaime Stanley,639-488-991,09-07-2016,42700,56470,56470,03,37,1,2,46054.547,37981.578,3,663,37800,19300,5.8800001,177462
218,Wilfred Hodges,024-418-706,07-07-2016,42800,56602,26757,04,32,0,3,26674.727,11786.823,0,579,40300,0,6.73,182607
219,Nathan Berry,010-730-915,06-01-2016,42800,56602,22030,03,15,0,3,26448.477,20529.59,0,500,55800,0,6.9400001,179349
220,Derek Cummings,410-270-317,03-04-2016,63300,83714,16858,01,33,0,2,0,27935.725,0,467,24600,49900,7.1599998,210311
221,Kim Kelly,039-213-056,04-06-2016,42100,55677,20217,03,41,0,2,16091.178,30367.867,0,581,55400,0,6.4400001,194198
222,Javier Keller,686-399-087,05-03-2016,42800,56602,56602,04,39,0,3,49088.125,62578.984,0,618,46700,114600,5.7199998,174244
223,Daisy Murray,542-471-168,07-02-2016,43500,57528,57528,03,33,0,2,17371.9,24797.766,0,529,30900,134300,6.5999999,181924
224,Archie Moody,615-763-773,07-06-2016,49800,65860,43536,05,37,1,2,88285.773,99558.617,1,717,56900,0,6.8299999,174238
225,Edith Riley,599-128-317,02-06-2016,41400,54751,54751,01,36,1,2,11423.438,22414.26,0,530,28000,109300,7.2800002,172933
226,Christy Rios,600-204-661,04-03-2016,49800,65860,65860,04,39,0,2,10165.516,25005.025,0,527,40700,56600,6.5300002,188860
227,Karla Ryan,577-300-889,01-02-2016,43400,57396,28730,03,35,1,2,22229.529,31482.4,2,579,56200,0,7.6500001,173818
228,Maxine Bennett,348-684-184,05-06-2016,42100,55677,18423,05,39,0,2,27760.115,19905.986,0,594,41200,0,6.3200002,205789
229,David Swanson,006-170-601,05-05-2016,42200,55809,27426,02,37,0,2,25113.305,2870.3889,0,590,38300,126100,6.2199998,210574
230,Virginia Love,738-115-832,06-05-2016,53200,70356,10860,02,39,0,2,4124.7788,0,0,499,37500,44700,6.29,158514
231,Patsy Howard,316-118-222,08-07-2016,44000,58189,58189,04,37,1,2,57723.926,63141.004,0,638,45000,177000,5.98,190302
232,Lorraine Brown,939-058-533,07-05-2016,45900,60702,60702,02,43,0,2,61692.621,75263.016,0,722,37300,0,6.3899999,181820
233,Alejandro Baldwin,665-053-999,06-07-2016,332000,439069,82228,05,26,1,1,0,13443.094,0,432,44400,28300,6.73,176993
234,Hubert Cole,519-526-132,04-02-2016,46600,61628,61628,03,37,0,2,60370.027,51025.828,0,680,37800,18900,6.27,160001
235,Rosemarie Phelps,785-433-115,06-05-2016,46900,62025,62025,02,36,1,3,68060.914,63939.027,3,701,36800,115700,6.7199998,203576
236,Josephine Mullins,240-315-154,06-05-2016,49000,64802,39390,04,34,1,2,69804.711,57354.637,2,697,51300,193000,6.8000002,202043
237,Johnathan Sherman,177-240-030,05-07-2016,43600,57660,57660,03,33,1,1,62640.547,75515.742,3,637,53600,187800,6.1900001,198779
238,Max Sparks,825-940-263,01-07-2016,52200,69034,69034,04,38,0,3,90452.531,54271.223,0,803,44800,85100,7.5100002,182082
239,Russell Gilbert,845-491-028,04-02-2016,44600,58983,31843,01,44,0,2,57263.457,56104.781,0,699,47100,0,6.4099998,226301
240,Alicia Reynolds,209-588-179,05-04-2016,43500,57528,18691,04,31,1,2,18043.961,0,3,529,47200,0,6,199817
241,Sheldon Bryant,944-269-528,07-02-2016,43800,57925,57925,05,31,0,2,55679.422,53303.938,0,591,40500,0,6.7600002,221655
242,Billy Walsh,326-880-239,07-05-2016,43900,58057,58057,02,39,1,2,54642.629,52211.617,1,726,36500,48100,6.71,192441
243,Elvira Lee,758-677-895,05-03-2016,42500,56206,56206,02,30,1,2,43153.316,38544.773,2,597,56100,103600,5.96,184634
244,Clay Cobb,255-782-206,07-05-2016,90900,120215,120215,05,25,0,3,0,0,0,463,49400,0,6.8600001,218205
245,Sophie Lopez,527-230-196,01-04-2016,43500,57528,30479,05,32,0,2,60325.094,83647.016,0,631,40800,67100,7.6300001,204739
246,Tony Clark,646-678-080,06-06-2016,41200,54486,21889,05,36,0,2,33007.953,18387.092,0,577,50000,168000,6.7800002,188727
247,Katherine Rose,560-916-075,04-05-2016,42900,56735,56735,01,41,1,2,46400.957,41645.578,1,647,51500,0,6.4899998,205559
248,Sharon Harvey,168-403-494,06-02-2016,43100,56999,56999,05,31,0,3,51873.344,59920.09,0,633,37100,0,7.1100001,178029
249,Wesley Maldonado,714-912-616,03-06-2016,43100,56999,28145,05,43,1,2,52409.367,80669.453,0,698,59400,0,7.2199998,207903
250,Jaime Vasquez,346-213-179,08-02-2016,44300,58586,40946,02,35,1,2,64548.176,46240.953,2,748,52200,0,6.48,190919
